{"transformation": "inverse-quadratic", "target_mean": -87.9285659790039, "feat_mean": [61.527706146240234, 26.628007888793945, 2.299835681915283, 9.814855575561523, 500.0], "edge_mean": 0.06089191883802414, "target_std": 0.6094916462898254, "edge_std": 0.037488073110580444, "feat_std": [6.810028553009033, 2.7192091941833496, 0.12210984528064728, 0.45872369408607483, 25.508798599243164], "scale": 1.0}